lib,dtype,cfg,swizzle,raster,flush,nw,warmup_ms,dist,M,N,K,median_us,mean_us,min_us,tflops,clk_before,clk_after,verify,rel_l2,algo,desc,ERROR
cublaslt,bf16,,,,0,8,1500,,901,4096,4096,266.19,269.13,257.06,113.6,1386,1386,PASS,1.66e-03,66,,
cublaslt,fp8,,,,0,8,1500,,901,4096,4096,131.01,136.51,128.90,230.8,1386,1386,PASS,1.65e-03,66,,
cublaslt,int8,,,,0,8,1500,,901,4096,4096,140.64,142.05,135.14,215.0,1386,1386,PASS,0.00e+00,71,,
cublaslt,int8+rescale,,,,0,8,1500,,901,4096,4096,174.91,175.36,171.78,172.8,1386,1386,PASS,1.65e-03,71,,
cutlass,fp8,3,1,H,0,8,1500,normal,901,4096,4096,114.53,136.60,108.22,264.0,1386,1386,PASS,1.66e-03,,2SM 256x256x128 cluster2x1x1,
cutlass,int8,3,1,H,0,8,1500,normal,901,4096,4096,110.34,111.18,108.29,274.0,1386,1386,PASS,1.66e-03,,2SM 256x256x128 cluster2x1x1,
cublaslt,bf16,,,,0,8,1500,,1517,4096,4096,386.64,399.93,378.82,131.7,1386,1386,PASS,1.66e-03,66,,
cublaslt,fp8,,,,0,8,1500,,1517,4096,4096,204.13,223.05,187.23,249.4,1386,1386,PASS,1.65e-03,66,,
cublaslt,int8,,,,0,8,1500,,1517,4096,4096,183.12,188.06,178.14,278.0,1386,1386,PASS,0.00e+00,71,,
cublaslt,int8+rescale,,,,0,8,1500,,1517,4096,4096,311.15,316.46,305.12,163.6,1386,1386,PASS,1.65e-03,71,,
cutlass,fp8,3,1,H,0,8,1500,normal,1517,4096,4096,249.73,226.20,154.98,203.8,1386,1386,PASS,1.66e-03,,2SM 256x256x128 cluster2x1x1,
cutlass,int8,3,1,H,0,8,1500,normal,1517,4096,4096,157.57,160.28,155.33,323.0,1386,1386,PASS,1.66e-03,,2SM 256x256x128 cluster2x1x1,
cublaslt,bf16,,,,0,8,1500,,1802,4096,4096,442.35,464.25,348.13,136.7,1386,1386,PASS,1.66e-03,66,,
cublaslt,fp8,,,,0,8,1500,,1802,4096,4096,254.67,277.93,238.50,237.4,1386,1386,PASS,1.65e-03,66,,
cublaslt,int8,,,,0,8,1500,,1802,4096,4096,219.66,224.82,212.77,275.3,1386,1386,PASS,0.00e+00,71,,
cublaslt,int8+rescale,,,,0,8,1500,,1802,4096,4096,387.01,393.35,381.82,156.2,1386,1386,PASS,1.65e-03,71,,
cutlass,fp8,3,1,H,0,8,1500,normal,1802,4096,4096,323.63,293.89,204.61,186.8,1386,1386,PASS,1.66e-03,,2SM 256x256x128 cluster2x1x1,
cutlass,int8,3,1,H,0,8,1500,normal,1802,4096,4096,208.90,210.33,205.57,289.5,1386,1386,PASS,1.66e-03,,2SM 256x256x128 cluster2x1x1,
cublaslt,bf16,,,,0,8,1500,,4096,4096,4096,926.16,986.71,855.81,148.4,1386,1386,PASS,1.66e-03,66,,
cublaslt,fp8,,,,0,8,1500,,4096,4096,4096,565.58,570.40,426.94,243.0,1386,1386,PASS,1.65e-03,66,,
cublaslt,int8,,,,0,8,1500,,4096,4096,4096,521.06,529.40,510.94,263.8,1386,1386,PASS,0.00e+00,71,,
cublaslt,int8+rescale,,,,0,8,1500,,4096,4096,4096,909.14,921.27,897.86,151.2,1386,1386,PASS,1.65e-03,71,,
cutlass,fp8,3,1,H,0,8,1500,normal,4096,4096,4096,673.73,617.08,454.40,204.0,1386,1386,PASS,1.66e-03,,2SM 256x256x128 cluster2x1x1,
cutlass,int8,3,1,H,0,8,1500,normal,4096,4096,4096,466.96,468.69,456.64,294.3,1386,1386,PASS,1.66e-03,,2SM 256x256x128 cluster2x1x1,
cublaslt,bf16,,,,0,8,1500,,901,1024,4096,53.12,59.07,51.14,142.3,1386,1386,PASS,1.65e-03,66,,
cublaslt,fp8,,,,0,8,1500,,901,1024,4096,30.66,31.06,30.34,246.5,1386,1386,PASS,1.66e-03,66,,
cublaslt,int8,,,,0,8,1500,,901,1024,4096,38.88,40.36,38.18,194.4,1386,1386,PASS,0.00e+00,71,,
cublaslt,int8+rescale,,,,0,8,1500,,901,1024,4096,47.04,47.11,44.96,160.7,1386,1386,PASS,1.65e-03,71,,
cutlass,fp8,3,1,H,0,8,1500,normal,901,1024,4096,36.82,38.53,36.26,205.3,1386,1386,PASS,1.66e-03,,2SM 256x256x128 cluster2x1x1,
cutlass,int8,3,1,H,0,8,1500,normal,901,1024,4096,36.80,37.07,36.19,205.4,1386,1386,PASS,1.66e-03,,2SM 256x256x128 cluster2x1x1,
cublaslt,bf16,,,,0,8,1500,,1517,1024,4096,79.74,95.19,77.44,159.6,1386,1386,PASS,1.65e-03,66,,
cublaslt,fp8,,,,0,8,1500,,1517,1024,4096,45.06,48.69,43.07,282.4,1386,1386,PASS,1.65e-03,66,,
cublaslt,int8,,,,0,8,1500,,1517,1024,4096,53.38,54.62,52.13,238.4,1386,1386,PASS,0.00e+00,71,,
cublaslt,int8+rescale,,,,0,8,1500,,1517,1024,4096,64.48,65.25,62.40,197.4,1386,1386,PASS,1.65e-03,71,,
cutlass,fp8,3,1,H,0,8,1500,normal,1517,1024,4096,51.12,52.83,50.62,248.9,1386,1386,PASS,1.67e-03,,2SM 256x256x128 cluster2x1x1,
cutlass,int8,3,1,H,0,8,1500,normal,1517,1024,4096,51.20,53.33,50.30,248.5,1386,1386,PASS,1.66e-03,,2SM 256x256x128 cluster2x1x1,
cublaslt,bf16,,,,0,8,1500,,1802,1024,4096,88.03,114.70,85.95,171.7,1386,1386,PASS,1.65e-03,66,,
cublaslt,fp8,,,,0,8,1500,,1802,1024,4096,51.18,58.45,50.82,295.3,1386,1386,PASS,1.65e-03,66,,
cublaslt,int8,,,,0,8,1500,,1802,1024,4096,67.42,68.01,65.44,224.2,1386,1386,PASS,0.00e+00,71,,
cublaslt,int8+rescale,,,,0,8,1500,,1802,1024,4096,81.65,83.43,79.68,185.1,1386,1386,PASS,1.65e-03,71,,
cutlass,fp8,3,1,H,0,8,1500,normal,1802,1024,4096,65.28,65.62,63.33,231.6,1386,1386,PASS,1.66e-03,,2SM 256x256x128 cluster2x1x1,
cutlass,int8,3,1,H,0,8,1500,normal,1802,1024,4096,65.09,65.24,63.07,232.2,1386,1386,PASS,1.66e-03,,2SM 256x256x128 cluster2x1x1,
cublaslt,bf16,,,,0,8,1500,,4096,1024,4096,249.76,273.17,245.54,137.6,1386,1386,PASS,1.65e-03,66,,
cublaslt,fp8,,,,0,8,1500,,4096,1024,4096,155.57,146.33,106.43,220.9,1386,1386,PASS,1.65e-03,66,,
cublaslt,int8,,,,0,8,1500,,4096,1024,4096,161.71,163.29,156.45,212.5,1386,1386,PASS,0.00e+00,71,,
cublaslt,int8+rescale,,,,0,8,1500,,4096,1024,4096,205.71,210.32,197.41,167.0,1386,1386,PASS,1.65e-03,71,,
cutlass,fp8,3,1,H,0,8,1500,normal,4096,1024,4096,179.70,154.47,111.62,191.2,1386,1386,PASS,1.66e-03,,2SM 256x256x128 cluster2x1x1,
cutlass,int8,3,1,H,0,8,1500,normal,4096,1024,4096,113.57,114.64,111.71,302.5,1386,1386,PASS,1.66e-03,,2SM 256x256x128 cluster2x1x1,
